{
    "train": {
        "FOG": {
            "count": 1033,
            "mean": [
                136.64033219551956,
                120.96327260618406,
                127.4787439704518
            ],
            "stddev": [
                87.91696281255311,
                84.70114592088268,
                86.41277614638868
            ]
        },
        "LOWLIGHT": {
            "count": 684,
            "mean": [
                79.05788076969613,
                71.4110113073279,
                80.51287320203947
            ],
            "stddev": [
                79.59150985432242,
                75.57789083462916,
                82.01077644064664
            ]
        },
        "RAIN": {
            "count": 1062,
            "mean": [
                126.32720288104849,
                116.92392699522422,
                119.61770754764454
            ],
            "stddev": [
                91.75096883808219,
                91.9654407038836,
                92.6923820659822
            ]
        },
        "SNOW": {
            "count": 651,
            "mean": [
                106.20653827753189,
                97.57114187143921,
                106.7466518013402
            ],
            "stddev": [
                85.3955004993214,
                84.7389888321759,
                87.70062875094321
            ]
        }
    },
    "val": {
        "FOG": {
            "count": 154,
            "mean": [
                158.9601248208579,
                142.63409857110022,
                147.72166148718307
            ],
            "stddev": [
                89.55773013957624,
                88.41239558722587,
                90.54334739407905
            ]
        },
        "LOWLIGHT": {
            "count": 100,
            "mean": [
                72.55570157368977,
                64.21405742327372,
                72.1239331404368
            ],
            "stddev": [
                75.2536419887979,
                71.49524898315912,
                80.01766502000577
            ]
        },
        "RAIN": {
            "count": 120,
            "mean": [
                120.8937058713701,
                111.02561656634013,
                113.38775486681197
            ],
            "stddev": [
                85.8022056573012,
                85.88774235302776,
                86.22700365359435
            ]
        },
        "SNOW": {
            "count": 101,
            "mean": [
                89.12778437019574,
                80.7980539240066,
                92.99809371205443
            ],
            "stddev": [
                76.90348451107405,
                74.65035190691322,
                84.55039739979958
            ]
        }
    },
    "test": {
        "FOG": {
            "count": 0,
            "mean": [
                NaN,
                NaN,
                NaN
            ],
            "stddev": [
                NaN,
                NaN,
                NaN
            ]
        },
        "LOWLIGHT": {
            "count": 0,
            "mean": [
                NaN,
                NaN,
                NaN
            ],
            "stddev": [
                NaN,
                NaN,
                NaN
            ]
        },
        "RAIN": {
            "count": 0,
            "mean": [
                NaN,
                NaN,
                NaN
            ],
            "stddev": [
                NaN,
                NaN,
                NaN
            ]
        },
        "SNOW": {
            "count": 0,
            "mean": [
                NaN,
                NaN,
                NaN
            ],
            "stddev": [
                NaN,
                NaN,
                NaN
            ]
        }
    }
}