{
    "train": {
        "count": 3430,
        "mean": [
            112.05798853094902,
            101.71733819504385,
            108.588994130369
        ],
        "stddev": [
            86.27692707110471,
            84.44619620723148,
            87.28718879380351
        ]
    },
    "val": {
        "count": 475,
        "mean": [
            110.38432915902838,
            99.66795662118017,
            106.55786080162157
        ],
        "stddev": [
            82.09729302165533,
            80.4327384324351,
            85.41778259256053
        ]
    },
    "test": {
        "count": 0,
        "mean": [
            NaN,
            NaN,
            NaN
        ],
        "stddev": [
            NaN,
            NaN,
            NaN
        ]
    }
}